"EcoSite","Plot","WaterYear","p_monsoon_D","p_winter_D","p_spring_D","p_annual_D","winter_D","spring_D"
"GLCA_B","B01",2008,431.5000115,NA,194.3000012,NA,35.499999,98.2999992
"GLCA_B","B01",2009,455.7999992,35.499999,188.9999961,810.8999991,41.1999993,114
"GLCA_B","B01",2010,468.2000085,41.1999993,224.4000015,858.0000091,32.5999996,64.7000003
"GLCA_B","B01",2011,388.2999935,32.5999996,153.5000034,737.0999992,30.2999997,99.9999981
"GLCA_B","B01",2012,421.9000092,30.2999997,192.699995,756.6000085,36.2999997,142.300005
"GLCA_B","B01",2013,446.7000008,36.2999997,264.0000019,895.4000016,48.2999992,113.8000011
"GLCA_B","B01",2014,396.6999932,48.2999992,217.3000011,824.3999919,26.8,88.5999975
"GLCA_B","B01",2015,426.0999985,26.8,179.199996,754.9999953,41.4000006,94.4999981
"GLCA_B","B01",2016,392.5000076,41.4000006,179.8000012,741.6000081,19.5999997,87.7000017
"GLCA_B","B01",2017,422.3000031,19.5999997,174.1000032,748.9000137,37.5999999,98.1000004
"GLCA_B","B01",2018,431.10001,37.5999999,206.1000004,830.0000062,62.2000008,132.3000031
"GLCA_B","B01",2019,495.8999977,62.2000008,258,967.7999974,41.7999992,82.0999994
"GLCA_B","B01",2020,478.6000062,41.7999992,141.6999979,781.3999996,38.4000006,102.1000004
"GLCA_B","B01",2021,480.8999977,38.4000006,230.0000019,883.8000041,37.7999997,134.8000031
"GLCA_B","B01",2022,423.4000016,37.7999997,258.8000031,906.1999989,53.3000002,137.6000003
"GLCA_B","B01",2023,472.5000038,53.3000002,261.9000034,916.8000049,29.5999994,54.5000005
"GLCA_B","B01",2024,452.7999877,29.5999994,155.3000036,757.8999915,NA,NA
"GLCA_B","B02",2008,434.2000009,NA,201.6000032,NA,35.3000002,94.1999998
"GLCA_B","B02",2009,459.3999977,35.3000002,189.5000029,818.8000084,38.6999993,114.6999979
"GLCA_B","B02",2010,470.0000077,38.6999993,226.8999948,864.1000042,31.6000002,59.6999983
"GLCA_B","B02",2011,397.1000099,31.6000002,154.5000014,752.5000156,31.3999996,106.7999982
"GLCA_B","B02",2012,417.8999977,31.3999996,204.1999997,769.4999913,35.1000004,142.7999973
"GLCA_B","B02",2013,443.7999915,35.1000004,266.9999942,895.6999843,47.8000002,112.1000004
"GLCA_B","B02",2014,392.6000022,47.8000002,218.1999989,823.5000048,23.8999996,91.8000012
"GLCA_B","B02",2015,425.1000101,23.8999996,187.7000027,770.4000177,41.0999994,88
"GLCA_B","B02",2016,396.8999938,41.0999994,176.1999969,743.5999898,17.4999996,85.1000004
"GLCA_B","B02",2017,429.7999992,17.4999996,180.0000019,763.9999968,36.3999991,98.1999979
"GLCA_B","B02",2018,434.4000053,36.3999991,210.8999948,839.7000069,63.2000008,134.300003
"GLCA_B","B02",2019,494.8999901,63.2000008,263.4000091,974.9000015,41.6999988,76.6000009
"GLCA_B","B02",2020,478.8999939,41.6999988,137.1000009,778.799993,32.5999996,99.2999973
"GLCA_B","B02",2021,480.9999961,32.5999996,226.3999958,876.4999935,38.5,137.3000031
"GLCA_B","B02",2022,422.2999953,38.5,261.2000046,907.600005,53.6999988,137.0000019
"GLCA_B","B02",2023,469.6000024,53.6999988,262.5000019,912.7999992,28.4000001,50.1000013
"GLCA_B","B02",2024,455.5999946,28.4000001,154.4000044,762.0000067,NA,NA
"GLCA_B","B03",2008,434.2000009,NA,201.6000032,NA,35.3000002,94.1999998
"GLCA_B","B03",2009,459.3999977,35.3000002,189.5000029,818.8000084,38.6999993,114.6999979
"GLCA_B","B03",2010,470.0000077,38.6999993,226.8999948,864.1000042,31.6000002,59.6999983
"GLCA_B","B03",2011,397.1000099,31.6000002,154.5000014,752.5000156,31.3999996,106.7999982
"GLCA_B","B03",2012,417.8999977,31.3999996,204.1999997,769.4999913,35.1000004,142.7999973
"GLCA_B","B03",2013,443.7999915,35.1000004,266.9999942,895.6999843,47.8000002,112.1000004
"GLCA_B","B03",2014,392.6000022,47.8000002,218.1999989,823.5000048,23.8999996,91.8000012
"GLCA_B","B03",2015,425.1000101,23.8999996,187.7000027,770.4000177,41.0999994,88
"GLCA_B","B03",2016,396.8999938,41.0999994,176.1999969,743.5999898,17.4999996,85.1000004
"GLCA_B","B03",2017,429.7999992,17.4999996,180.0000019,763.9999968,36.3999991,98.1999979
"GLCA_B","B03",2018,434.4000053,36.3999991,210.8999948,839.7000069,63.2000008,134.300003
"GLCA_B","B03",2019,494.8999901,63.2000008,263.4000091,974.9000015,41.6999988,76.6000009
"GLCA_B","B03",2020,478.8999939,41.6999988,137.1000009,778.799993,32.5999996,99.2999973
"GLCA_B","B03",2021,480.9999961,32.5999996,226.3999958,876.4999935,38.5,137.3000031
"GLCA_B","B03",2022,422.2999953,38.5,261.2000046,907.600005,53.6999988,137.0000019
"GLCA_B","B03",2023,469.6000024,53.6999988,262.5000019,912.7999992,28.4000001,50.1000013
"GLCA_B","B03",2024,455.5999946,28.4000001,154.4000044,762.0000067,NA,NA
"GLCA_B","B04",2008,431.9000053,NA,196.3999997,NA,35.0999992,96.1000004
"GLCA_B","B04",2009,456.8999977,35.0999992,188.2999973,812.4000003,40.1000009,112.3000021
"GLCA_B","B04",2010,469.4999961,40.1000009,223.9000006,858.9999976,31.9999993,59.7999988
"GLCA_B","B04",2011,387.6000023,31.9999993,150.7999988,737.7000048,29.4000004,100.1000032
"GLCA_B","B04",2012,421.8000031,29.4000004,194.4000063,756.8000135,35,142.3000031
"GLCA_B","B04",2013,446.199997,35,265.8000031,896.5000077,47.8000002,112.0999975
"GLCA_B","B04",2014,395.1000023,47.8000002,217.199996,823.4999905,25.8000004,88.1999998
"GLCA_B","B04",2015,426.5999985,25.8000004,180.7999983,758.2999964,41.2000008,91.5
"GLCA_B","B04",2016,394.1000138,41.2000008,178.5999985,743.1000072,17.6999995,86.2999997
"GLCA_B","B04",2017,422.7000008,17.6999995,173.2000012,749.2999991,36.5,96.9999981
"GLCA_B","B04",2018,431.199997,36.5,206.699995,830.6999884,62.4000015,131.2999973
"GLCA_B","B04",2019,496.6999969,62.4000015,257.4999942,968.9999942,41.2999997,78.1000014
"GLCA_B","B04",2020,481.5000077,41.2999997,137.6999999,782.0000073,37.3999994,99.4000015
"GLCA_B","B04",2021,482,37.3999994,229.5999984,884.8999965,37.1999998,134.3999996
"GLCA_B","B04",2022,421.0999984,37.1999998,258.7000027,904.199995,53.0999994,138.5999965
"GLCA_B","B04",2023,472.2999954,53.0999994,263.499998,919.0999925,28.7000008,50.7000008
"GLCA_B","B04",2024,453.7999992,28.7000008,153.7000008,758.500003,NA,NA
"GLCA_B","B05",2008,407.8999977,NA,204.2000008,NA,29.3000007,80.6999992
"GLCA_B","B05",2009,433.8000069,29.3000007,174.7999977,765.0000023,29.4000008,100.3000011
"GLCA_B","B05",2010,449.8000069,29.4000008,196.3000011,794.7000057,27,66.9000002
"GLCA_B","B05",2011,380.3999976,27,169.4000002,745.9000039,28.4000004,102.7000022
"GLCA_B","B05",2012,394.5000077,28.4000004,190.0000053,725.7000146,26.5999996,129.3000012
"GLCA_B","B05",2013,412.199993,26.5999996,251.3999997,834.9999885,43.5,102.6999959
"GLCA_B","B05",2014,354.9000054,43.5,206.3999928,764.4999941,18.9999996,112.2999974
"GLCA_B","B05",2015,400,18.9999996,205.1000005,761.2000047,38.8999991,92.0000009
"GLCA_B","B05",2016,373.2000065,38.8999991,166.5999994,691.3000035,8.8999999,79.3999988
"GLCA_B","B05",2017,403.7000123,8.8999999,164.9999973,711.700013,28.6999996,97.400001
"GLCA_B","B05",2018,419.2000008,28.6999996,212.900001,815.4000037,61.5,130.9999962
"GLCA_B","B05",2019,410.1000013,61.5,258.9999962,930.2999926,15.2999996,61.0000014
"GLCA_B","B05",2020,467.9000016,15.2999996,118.2000022,682.9999971,26.0999992,81.4000006
"GLCA_B","B05",2021,461.0999984,26.0999992,212.0000067,832.1000028,34.4000001,110.1000023
"GLCA_B","B05",2022,392.2000123,34.4000001,227.0000038,829.8000145,51.1000004,125.4000035
"GLCA_B","B05",2023,417.3999977,51.1000004,246.2000066,834.4000006,22.1000006,39.6999985
"GLCA_B","B05",2024,437.7999953,22.1000006,145.8999954,724.499995,NA,NA
"GLCA_B","B06",2008,438.6000023,NA,204.1000033,NA,36.4000001,96.5000019
"GLCA_B","B06",2009,462.2000122,36.4000001,193.300005,826.4000164,40.5999999,117.3999997
"GLCA_B","B06",2010,473.0000037,40.5999999,231.8999997,876.3000054,32.9999995,65.4000011
"GLCA_B","B06",2011,405.6999969,32.9999995,160.3000026,763.9999937,33.9999995,111.6000004
"GLCA_B","B06",2012,427.5999984,33.9999995,210.1999989,790.3999972,36.6999998,144.300003
"GLCA_B","B06",2013,450.8000069,36.6999998,268.800003,906.6000041,49.0000005,117.1000003
"GLCA_B","B06",2014,397.9999923,49.0000005,224.7999972,838.1999935,26.6999992,95.3000002
"GLCA_B","B06",2015,433.8000068,26.6999992,192.8999987,786.3000116,43.1999998,94.5
"GLCA_B","B06",2016,404.2999953,43.1999998,183.4000015,761.2999924,19.7999997,90.7000018
"GLCA_B","B06",2017,435.199997,19.7999997,188.8999987,781.699997,38.7000008,101.5000019
"GLCA_B","B06",2018,444.600006,38.7000008,213.6000004,856.0000057,64.7000017,138.2000046
"GLCA_B","B06",2019,499.5999985,64.7000017,268.2000046,987.0000047,42.9000006,81.5000019
"GLCA_B","B06",2020,483.9999961,42.9000006,146.9000034,799.5999937,34.1000009,103.5000009
"GLCA_B","B06",2021,485.4999962,34.1000009,231.4000024,886.8999991,40.0000005,139.4000054
"GLCA_B","B06",2022,430.1000023,40.0000005,263.4000054,919.7000036,55.3999996,137.999998
"GLCA_B","B06",2023,472.0999985,55.3999996,264.1999949,919.4999894,30.4000006,54.4999981
"GLCA_B","B06",2024,459.6999931,30.4000006,158.4999981,771.7999926,NA,NA
"GLCA_B","B07",2008,431.4000016,NA,199.3000012,NA,34.7999994,94
"GLCA_B","B07",2009,457.0999985,34.7999994,187.3000031,812.1999962,38.6999998,111.2999993
"GLCA_B","B07",2010,469.5000115,38.6999998,223.6000024,857.8000147,31.3000006,56.1999985
"GLCA_B","B07",2011,385.3999977,31.3000006,149.1,736.7999954,27.9999995,99.8999996
"GLCA_B","B07",2012,421.2000046,27.9999995,195.3999996,755.6999955,34.3999991,143.1000004
"GLCA_B","B07",2013,445.3000107,34.3999991,267.2999973,898.0000161,47.3000002,111.1000004
"GLCA_B","B07",2014,393.1999931,47.3000002,217.2999973,821.6999854,23.6000008,87.8999977
"GLCA_B","B07",2015,426,23.6000008,182.0999946,759.2000008,40.8000012,89.3999977
"GLCA_B","B07",2016,393.8000031,40.8000012,178.0999946,744.0999985,16.9999997,84.8000007
"GLCA_B","B07",2017,422.2999954,16.9999997,172.9999976,748.6999988,35.5000005,95.4000006
"GLCA_B","B07",2018,430.5999945,35.5000005,207.3000021,830.7999934,62.4000015,131.0000019
"GLCA_B","B07",2019,496.4000015,62.4000015,257.4000034,969.2000025,41.0999994,75.3000002
"GLCA_B","B07",2020,483.1000061,41.0999994,134.8999987,781.8000012,36.9000008,97
"GLCA_B","B07",2021,481.7999993,36.9000008,228.6000061,884.1000034,36.8999986,133
"GLCA_B","B07",2022,419.800003,36.8999986,258,902.0000057,53.0999994,139.1999989
"GLCA_B","B07",2023,471.800003,53.0999994,264.8999958,920.3999996,27.9000001,47.9000013
"GLCA_B","B07",2024,453.2000045,27.9000001,152.9999998,758.4000075,NA,NA
"GLCA_B","B08",2008,428.5000038,NA,191.9999972,NA,35.8000012,99.8999987
"GLCA_B","B08",2009,452.9999885,35.8000012,188.9999972,806.6999836,41.6999998,115.1000022
"GLCA_B","B08",2010,465.2000047,41.6999998,224.5000037,854.5000124,32.9999992,69
"GLCA_B","B08",2011,387.7000007,32.9999992,155.9000015,734.7999946,31.2000008,99.9999991
"GLCA_B","B08",2012,419.9999961,31.2000008,190.3000022,751.8000022,36.8000002,141.5999965
"GLCA_B","B08",2013,445.7000123,36.8000002,261.8999996,891.6000052,48.499999,115.4000015
"GLCA_B","B08",2014,396.9000016,48.499999,217.5,822.6000052,28.2000008,89.1999998
"GLCA_B","B08",2015,423.6000022,28.2000008,177.8999967,749.499999,41.5,96.999998
"GLCA_B","B08",2016,390.1999969,41.5,180.499998,737.1999959,20.3999998,89.4000025
"GLCA_B","B08",2017,419.5999985,20.3999998,174.5999994,745.5000038,38.5999999,100.3000012
"GLCA_B","B08",2018,429.2999916,38.5999999,206.1000043,827.0000011,61.8000011,132.9000054
"GLCA_B","B08",2019,493.4999924,61.8000011,257.1000023,962.7999954,42.499999,85.2000022
"GLCA_B","B08",2020,473.7999991,42.499999,145.0000014,778.0000022,39.5000005,103.9000006
"GLCA_B","B08",2021,478.2000085,39.5000005,229.2000037,878.500014,38,135.3000012
"GLCA_B","B08",2022,423.699993,38,258.3999997,905.1999912,53.3000002,136.2000027
"GLCA_B","B08",2023,470.2000007,53.3000002,258.7000027,909.9000034,30.2000008,58.5999985
"GLCA_B","B08",2024,449.2999878,30.2000008,157.0999985,754.8999848,NA,NA
"GLCA_B","B09",2008,431.5999869,NA,196.3999997,NA,34.9999993,96.1000004
"GLCA_B","B09",2009,456.7999915,34.9999993,188.2999973,812.0999819,40.0000005,112.1000004
"GLCA_B","B09",2010,468.7999993,40.0000005,223.6999989,857.8000018,31.9999993,59.599999
"GLCA_B","B09",2011,387.2999992,31.9999993,150.599999,737.2000019,29.3,100.0000009
"GLCA_B","B09",2012,421.699997,29.3,194.1999978,756.3999927,35,142.3000031
"GLCA_B","B09",2013,445.7000122,35,265.6000062,895.8000184,47.8000002,111.9999991
"GLCA_B","B09",2014,395.1000023,47.8000002,217.0999976,823.2000028,25.8000004,88.1999998
"GLCA_B","B09",2015,426.1999893,25.8000004,180.6999998,757.8999872,41.2000008,91.4000016
"GLCA_B","B09",2016,393.7000046,41.2000008,178.5000001,742.4000027,17.6999995,86.0999989
"GLCA_B","B09",2017,422.6000024,17.6999995,172.7999958,748.7000045,36.5,96.8999997
"GLCA_B","B09",2018,431.0999985,36.5,206.5999966,830.4000007,62.4000015,131.2999973
"GLCA_B","B09",2019,496.4000015,62.4000015,257.3999958,968.6000004,41.2999997,77.9999991
"GLCA_B","B09",2020,481.1000061,41.2999997,137.5999976,781.3000065,37.299999,99.2000008
"GLCA_B","B09",2021,481.3999901,37.299999,229.3000069,883.9999893,37.1999998,134.3999996
"GLCA_B","B09",2022,421,37.1999998,258.7000027,903.8999959,53.0999994,138.4999981
"GLCA_B","B09",2023,472,53.0999994,263.3999996,918.6000079,28.7000008,50.4999991
"GLCA_B","B09",2024,453.7000084,28.7000008,153.3000022,757.9000074,NA,NA
"GLCA_B","B10",2008,424.0999984,NA,192.8000011,NA,33.6000002,81.4999995
"GLCA_B","B10",2009,448.8000031,33.6000002,169.099998,777.7999995,37.1999993,107.1000004
"GLCA_B","B10",2010,460.4999961,37.1999993,206.6000004,822.2999934,30.8000008,51.5999998
"GLCA_B","B10",2011,394.5,30.8000008,143.7999967,731.8999967,33.0999992,107.3000011
"GLCA_B","B10",2012,409.699997,33.0999992,197.7000026,756.3999927,34.0000005,134.8999977
"GLCA_B","B10",2013,432.4000092,34.0000005,256.7999992,870.3000136,47.8999996,107.5999995
"GLCA_B","B10",2014,379.8999977,47.8999996,208.5999995,798.000002,24.1999992,93.8999982
"GLCA_B","B10",2015,420.2999993,24.1999992,186.2000013,763.5999951,41.0999994,85.3999996
"GLCA_B","B10",2016,388.7000007,41.0999994,160.5999965,699.0999983,16.5,71.4999995
"GLCA_B","B10",2017,421.2999993,16.5,155.400001,725.1999972,36.0000005,83.3999977
"GLCA_B","B10",2018,440.5999947,36.0000005,192.8999977,824.1999898,63.8999996,135.2000008
"GLCA_B","B10",2019,427.6000013,63.8999996,264.0999947,953.0000019,17.3000002,45.6000016
"GLCA_B","B10",2020,476.3999978,17.3000002,98.8000024,669.1999992,33.5000002,93.1999988
"GLCA_B","B10",2021,473.6999893,33.5000002,219.2999973,858.4999935,38.9000001,122.5000019
"GLCA_B","B10",2022,411.3999978,38.9000001,240.1999988,868.9999991,54,129.7000008
"GLCA_B","B10",2023,439.5999985,54,252.0000039,867.1000063,27.7999997,38.3
"GLCA_B","B10",2024,449.2000007,27.7999997,133.4999969,729.8000014,NA,NA
"GLCA_B","B11",2008,431.5999869,NA,196.7999973,NA,34.9999993,95.7999993
"GLCA_B","B11",2009,456.7999915,34.9999993,187.9999962,811.7999808,39.9000006,111.8999996
"GLCA_B","B11",2010,468.6999931,39.9000006,223.4999981,857.3999886,31.9999993,58.9999986
"GLCA_B","B11",2011,386.7999973,31.9999993,150.0999971,736.2999985,29.2000006,99.8000011
"GLCA_B","B11",2012,421.699997,29.2000006,194.1000042,756.3000049,35,142.3000031
"GLCA_B","B11",2013,445.6000061,35,265.8000031,895.9000092,47.8000002,111.9999991
"GLCA_B","B11",2014,394.7999915,47.8000002,217.0999976,822.9999943,25.6000006,88.1999998
"GLCA_B","B11",2015,426.0999909,25.6000006,181.0000029,757.7999898,41.2000008,91.0999984
"GLCA_B","B11",2016,393.800003,41.2000008,178.1999969,742.1999979,17.6000001,85.9999985
"GLCA_B","B11",2017,422.5000039,17.6000001,172.8000016,748.6000032,36.3999996,96.5999995
"GLCA_B","B11",2018,430.9999924,36.3999996,206.4000026,830.0000002,62.4000015,131.2999973
"GLCA_B","B11",2019,496.1000061,62.4000015,257.3999958,968.4000035,41.2999997,77.4999976
"GLCA_B","B11",2020,481.2000122,41.2999997,136.9999976,780.8000125,37.299999,98.6999989
"GLCA_B","B11",2021,481.1999931,37.299999,229.000002,883.5999935,37.1999998,134.2999992
"GLCA_B","B11",2022,420.7000122,37.1999998,258.6000023,903.5000077,53.0999994,138.4999981
"GLCA_B","B11",2023,472,53.0999994,263.3999996,918.6000079,28.7000008,50.3999987
"GLCA_B","B11",2024,453.60001,28.7000008,153.4999972,758.2000086,NA,NA
"GLCA_B","B12",2008,407.3000108,NA,220.5999946,NA,29.5,101.8000023
"GLCA_B","B12",2009,435.8000106,29.5,199.9999992,798.0000068,28.9000008,121.4000006
"GLCA_B","B12",2010,451.7000008,28.9000008,215.7000037,820.5000029,24.7999997,89.7999989
"GLCA_B","B12",2011,388.4999962,24.7999997,195.9999958,777.1999947,32.3000004,114.9999981
"GLCA_B","B12",2012,394.0999985,32.3000004,206.0999966,751.7999891,20.6999996,141.5999966
"GLCA_B","B12",2013,414.2999878,20.6999996,265.8999997,848.6999932,42.2000003,119.9000044
"GLCA_B","B12",2014,370.2999954,42.2000003,225.3000059,792.0000043,23.7000008,132.8999986
"GLCA_B","B12",2015,399.9999963,23.7000008,225.9999971,794.699998,36.4000001,112.9999981
"GLCA_B","B12",2016,374.8000011,36.4000001,188.8999996,727.4000001,6.6999998,101.2999978
"GLCA_B","B12",2017,405,6.6999998,192.2999978,736.1999957,26.099999,121.3000021
"GLCA_B","B12",2018,425.0000077,26.099999,240.499999,845.300015,60.6999988,133.0000038
"GLCA_B","B12",2019,416.2999864,60.6999988,263.0000038,939.1999874,23.4999992,83.8000027
"GLCA_B","B12",2020,473,23.4999992,138.5000035,725.0000089,22.3000008,102.2000008
"GLCA_B","B12",2021,467.8999939,22.3000008,238.3000069,863.499994,31.5,113.6000004
"GLCA_B","B12",2022,392.0000037,31.5,233.6999989,838.3999986,49.5999994,127.5999966
"GLCA_B","B12",2023,414.8999977,49.5999994,248.9999981,836.5999985,17.2999996,60.400001
"GLCA_B","B12",2024,440.1000023,17.2999996,172.5999979,747.5999953,NA,NA
"GLCA_H","H01",2008,408.7000046,NA,194.199997,NA,31.9999994,91.1000004
"GLCA_H","H01",2009,438.6000024,31.9999994,179.5000019,775.4,40.8000002,117.000001
"GLCA_H","H01",2010,448.0000038,40.8000002,220.000001,819.7000065,33,58.8000013
"GLCA_H","H01",2011,388.8999899,33,147.1000044,728.1999899,29.0999999,88.3999996
"GLCA_H","H01",2012,396.3999939,29.0999999,169.8999996,705.8999895,30.800001,121
"GLCA_H","H01",2013,406.6999855,30.800001,235.1999969,816.3999795,42.5,101.5
"GLCA_H","H01",2014,358.6999931,42.5,198.1999969,754.1999969,25.2000009,89.4999985
"GLCA_H","H01",2015,414.3000107,25.2000009,181.1999954,744.7000055,45.2999992,93.4000016
"GLCA_H","H01",2016,377.300003,45.2999992,163.4000016,709.7000036,12.2,69.6000013
"GLCA_H","H01",2017,402.7000046,12.2,149.0000028,693.5000089,34.0999999,72.6999994
"GLCA_H","H01",2018,413.300003,34.0999999,162.7999979,757.399993,64.8000002,134.4000015
"GLCA_H","H01",2019,420.6000061,64.8000002,258.7000046,932.5000181,21.2999999,48.7999994
"GLCA_H","H01",2020,465.7000008,21.2999999,100.0999986,667.9999955,33.4999998,96.1999998
"GLCA_H","H01",2021,466.5,33.4999998,218.7999983,848.8000067,36.4999995,118.7000008
"GLCA_H","H01",2022,407.2000007,36.4999995,235.6000023,856.6999988,48.2999992,123.9999981
"GLCA_H","H01",2023,428.3000108,48.2999992,242.3000012,842.3000184,25.8999996,40.1999988
"GLCA_H","H01",2024,427.7000083,25.8999996,129.5000019,694.3000121,NA,NA
"GLCA_H","H03",2008,412.0000038,NA,195.0999985,NA,31.6000006,91.5999999
"GLCA_H","H03",2009,442.1000062,31.6000006,183.5999999,785.1000107,39.7999997,117.3000012
"GLCA_H","H03",2010,453.5999832,39.7999997,223.3000012,828.7999826,30.6,57.6000018
"GLCA_H","H03",2011,400.7000007,30.6,148.2999987,741.0999987,29,90
"GLCA_H","H03",2012,398.4999886,29,172.5999985,711.9999828,28.5,119.6999988
"GLCA_H","H03",2013,409.2000007,28.5,235.1000003,817.3000087,43.7000008,102.2000008
"GLCA_H","H03",2014,358.5,43.7000008,201.5000039,760.9000045,24.4000003,91.5000005
"GLCA_H","H03",2015,412.699993,24.4000003,186.400002,755.4999922,41.1999998,92.1000023
"GLCA_H","H03",2016,393.5999908,41.1999998,163.2000008,722.6999921,11.2000004,72.0000008
"GLCA_H","H03",2017,406.9000053,11.2000004,154.4000023,705.4000118,31.5000003,70.5000005
"GLCA_H","H03",2018,417.7000046,31.5000003,163.5000005,764.1000094,65.5000019,135.7000047
"GLCA_H","H03",2019,421.5000019,65.5000019,262.0000078,940.2000047,21.6999998,48.3999985
"GLCA_H","H03",2020,468.0999908,21.6999998,102.499997,677.3999894,32.7,101.0999995
"GLCA_H","H03",2021,475.8000031,32.7,226.0999995,866.7000087,38.8000002,120.7999993
"GLCA_H","H03",2022,407.9999885,38.8000002,238.8999978,865.0999919,49.3000002,128.5000048
"GLCA_H","H03",2023,430.3000108,49.3000002,248.9000063,853.3000145,25.4999995,37.499999
"GLCA_H","H03",2024,431.2000008,25.4999995,129.3000021,697.4000063,NA,NA
"GLCA_H","H04",2008,417.9000053,NA,200.699997,NA,32.8000002,91.5999994
"GLCA_H","H04",2009,445.5999985,32.8000002,184.4000025,788.8000022,41.1999998,118.5000029
"GLCA_H","H04",2010,454.1000062,41.1999998,222.9000044,829.3000089,32.8999991,51.0999991
"GLCA_H","H04",2011,395.6000022,32.8999991,142.9000022,731.8000075,30.999999,94.9999972
"GLCA_H","H04",2012,396.9999924,30.999999,183.0999957,727.7999821,30.4000004,118.4999981
"GLCA_H","H04",2013,406.8000031,30.4000004,235.0999966,814.6000062,45.2999992,93.2999983
"GLCA_H","H04",2014,358.600006,45.2999992,191.2999983,753.5999974,25.5000006,88.5000005
"GLCA_H","H04",2015,412.6999931,25.5000006,183.5000005,746.8000026,43.4000006,82.8000011
"GLCA_H","H04",2016,387.1000023,43.4000006,156.1000042,703.0000086,12.6,73.0000019
"GLCA_H","H04",2017,405.0999947,12.6,160.0000019,711.499995,32.9999993,73.5000012
"GLCA_H","H04",2018,419.3999938,32.9999993,166.0999997,766.7999859,64,128.7999992
"GLCA_H","H04",2019,409.5999957,64,252.6000023,916.000002,21.2999997,45.4000013
"GLCA_H","H04",2020,478.2000085,21.2999997,100.2000005,684.000005,32.0999999,90.8000012
"GLCA_H","H04",2021,468.9999923,32.0999999,214.4999981,850.2999973,36.4000001,123.3999977
"GLCA_H","H04",2022,411,36.4000001,242.8999977,869.5999995,50.500001,127.800003
"GLCA_H","H04",2023,430.5000038,50.500001,249.1000061,855.1000147,26.9000006,33.0999996
"GLCA_H","H04",2024,427.6000023,26.9000006,126.2999965,695.0000054,NA,NA
"GLCA_H","H05",2008,408.7000046,NA,194.199997,NA,31.9999994,91.1000004
"GLCA_H","H05",2009,438.6000024,31.9999994,179.5000019,775.4,40.8000002,117.000001
"GLCA_H","H05",2010,448.0000038,40.8000002,220.000001,819.7000065,33,58.8000013
"GLCA_H","H05",2011,388.8999899,33,147.1000044,728.1999899,29.0999999,88.3999996
"GLCA_H","H05",2012,396.3999939,29.0999999,169.8999996,705.8999895,30.800001,121
"GLCA_H","H05",2013,406.6999855,30.800001,235.1999969,816.3999795,42.5,101.5
"GLCA_H","H05",2014,358.6999931,42.5,198.1999969,754.1999969,25.2000009,89.4999985
"GLCA_H","H05",2015,414.3000107,25.2000009,181.1999954,744.7000055,45.2999992,93.4000016
"GLCA_H","H05",2016,377.300003,45.2999992,163.4000016,709.7000036,12.2,69.6000013
"GLCA_H","H05",2017,402.7000046,12.2,149.0000028,693.5000089,34.0999999,72.6999994
"GLCA_H","H05",2018,413.300003,34.0999999,162.7999979,757.399993,64.8000002,134.4000015
"GLCA_H","H05",2019,420.6000061,64.8000002,258.7000046,932.5000181,21.2999999,48.7999994
"GLCA_H","H05",2020,465.7000008,21.2999999,100.0999986,667.9999955,33.4999998,96.1999998
"GLCA_H","H05",2021,466.5,33.4999998,218.7999983,848.8000067,36.4999995,118.7000008
"GLCA_H","H05",2022,407.2000007,36.4999995,235.6000023,856.6999988,48.2999992,123.9999981
"GLCA_H","H05",2023,428.3000108,48.2999992,242.3000012,842.3000184,25.8999996,40.1999988
"GLCA_H","H05",2024,427.7000083,25.8999996,129.5000019,694.3000121,NA,NA
"GLCA_H","H07",2008,411.6000023,NA,195.1000023,NA,32.4000006,93.7999982
"GLCA_H","H07",2009,441.3999977,32.4000006,182.1000013,781.0999994,41.4999995,118.9999981
"GLCA_H","H07",2010,449.3999939,41.4999995,222.8000012,825.199997,33.6000008,63.6000014
"GLCA_H","H07",2011,393.0999986,33.6000008,151.5000029,735.3999962,29.8999991,90.4999981
"GLCA_H","H07",2012,399.5,29.8999991,171.199995,710.6999869,31.8000002,122.9999952
"GLCA_H","H07",2013,410.1000024,31.8000002,236.1999921,822.3999939,42.9000006,103.9000006
"GLCA_H","H07",2014,361.8999939,42.9000006,200.4999991,759.5999986,26.4000003,91.3999996
"GLCA_H","H07",2015,417.300007,26.4000003,182.7000027,749.3000046,45.5999994,96.2999992
"GLCA_H","H07",2016,378.7000008,45.5999994,166.4999961,714.7999963,13.2999995,73.0000024
"GLCA_H","H07",2017,404.1999931,13.2999995,152.1999993,698.7999858,35.0999996,76.999999
"GLCA_H","H07",2018,415.4999999,35.0999996,166.6999959,763.7999897,65.0999985,136
"GLCA_H","H07",2019,424.0999965,65.0999985,260.5,937.3999919,23.2000003,52.4999989
"GLCA_H","H07",2020,466.2999992,23.2000003,103.6999997,674.0999964,34.6000004,99.6000004
"GLCA_H","H07",2021,468.699997,34.6000004,221.4000035,853.4000016,36.8999996,120.5
"GLCA_H","H07",2022,411.1999855,36.8999996,237.5,862.5999785,48.999999,125.0999994
"GLCA_H","H07",2023,431.6000061,48.999999,243.5000009,848.300001,26.7000008,44.4000006
"GLCA_H","H07",2024,430.0000038,26.7000008,132.5999975,699.6999984,NA,NA
"GLCA_H","H11",2008,408.5,NA,223.4999981,NA,29.5000008,93.7000012
"GLCA_H","H11",2009,438.6999931,29.5000008,193.3999981,793.9999852,34.2999997,118.1000023
"GLCA_H","H11",2010,453.9000015,34.2999997,220.7999992,822.9000009,31.9000006,74.1000017
"GLCA_H","H11",2011,389.6999969,31.9000006,179.7000002,773.3999933,29.6000009,91.9999995
"GLCA_H","H11",2012,392.1000062,29.6000009,183.6999964,716.1000081,22.0999999,124.6000004
"GLCA_H","H11",2013,402.2999916,22.0999999,246.6999989,816.2999926,42.7999997,102.1000028
"GLCA_H","H11",2014,350.9000055,42.7999997,207.9000059,757.5000059,23.9999991,111.7999954
"GLCA_H","H11",2015,400.8000069,23.9999991,212.1999969,778.5000053,37.7999997,100.5000009
"GLCA_H","H11",2016,387.5999965,37.7999997,173.5999994,718.4999917,7.3999998,91.100003
"GLCA_H","H11",2017,399.4999999,7.3999998,186.4000061,729.9000008,26.1999994,98.2000008
"GLCA_H","H11",2018,412.7999954,26.1999994,200.6000023,793.5999942,64.5000009,127.3999957
"GLCA_H","H11",2019,401.3000002,64.5000009,254.4999942,918.3000001,18.4000001,68.4999992
"GLCA_H","H11",2020,471.9999962,18.4000001,130.7999984,709.7999956,26.1999996,92.2999978
"GLCA_H","H11",2021,466.5,26.1999996,227.2999978,858.799992,36.2000008,115.9000035
"GLCA_H","H11",2022,397.6999893,36.2000008,236.500002,850.1999861,49.6999998,135.0000039
"GLCA_H","H11",2023,419.1999969,49.6999998,257.800007,849.9999991,23.0999998,45.1000008
"GLCA_H","H11",2024,425.1999894,23.0999998,157.6000008,722.8999976,NA,NA
"GLCA_H","H12",2008,434.199997,NA,229.7000036,NA,34.6999995,101.9000006
"GLCA_H","H12",2009,462.4000015,34.6999995,201.9000006,833.5999987,40.6000004,124.6000004
"GLCA_H","H12",2010,473.3999977,40.6000004,235.1000004,872.6999931,33.7000007,66.3000004
"GLCA_H","H12",2011,407.1999969,33.7000007,171.9999973,785.2999989,33.5000005,110
"GLCA_H","H12",2012,414.9999924,33.5000005,207.3000031,774.2999912,28.4000001,130.7000017
"GLCA_H","H12",2013,426.7000007,28.4000001,255.7000017,859.7000017,47.1999998,101.8999987
"GLCA_H","H12",2014,375.4000016,47.1999998,209.3999987,797.1000004,24.0999992,106.1999974
"GLCA_H","H12",2015,429.7000046,24.0999992,211.0999989,800.6000028,46.7000008,96.8999997
"GLCA_H","H12",2016,409.5,46.7000008,179.8999997,762.500002,12.1999998,83.6000018
"GLCA_H","H12",2017,419.1999931,12.1999998,182.6000018,754.2999986,33.2999994,94.7999997
"GLCA_H","H12",2018,445.2000046,33.2999994,198.8999982,834.4999997,69.7999992,136.1000023
"GLCA_H","H12",2019,422.0000125,69.7999992,266.6000023,959.4000188,20.8999996,64.2999989
"GLCA_H","H12",2020,493.8000108,20.8999996,129.600002,735.8000172,31.8999999,96.6999998
"GLCA_H","H12",2021,485.5000078,31.8999999,228.6999998,891.3000107,39.1000004,129.2999993
"GLCA_H","H12",2022,427.4999999,39.1000004,255.7000008,907.4999952,54.3999996,138.2000007
"GLCA_H","H12",2023,448.10001,54.3999996,265.8999976,898.8000048,27.4000001,40.4000008
"GLCA_H","H12",2024,447.4999924,27.4000001,151.4000008,747.2999943,NA,NA
"GLCA_H","H13",2008,418.3999939,NA,241.5999945,NA,30.8000003,114.7999968
"GLCA_H","H13",2009,450.1000061,30.8000003,214.6999983,831.8000079,34.0999989,133.0999995
"GLCA_H","H13",2010,463.800003,34.0999989,235.7999964,859.8999924,28.4000007,93.9999973
"GLCA_H","H13",2011,395.1999931,28.4000007,201.9999973,795.0999935,33.7999992,112.1999984
"GLCA_H","H13",2012,398.4000015,33.7999992,210.5999999,762.2999967,18.3,138.2000008
"GLCA_H","H13",2013,407.6999892,18.3,263.1000023,838.7999839,42.6999993,122.2999993
"GLCA_H","H13",2014,374.9999962,42.6999993,228.8999978,802.0999981,27.8,130.8999958
"GLCA_H","H13",2015,413.5000076,27.8,231.0999927,811.5999927,39.2000008,120.1999998
"GLCA_H","H13",2016,389.7999973,39.2000008,203.0000029,770.4000034,7.0999999,103.2000008
"GLCA_H","H13",2017,400.5999908,7.0999999,205.2000008,748.7999873,26.4000004,119.1999989
"GLCA_H","H13",2018,437.4000131,26.4000004,221.500002,840.1000071,65.7999982,129.7999993
"GLCA_H","H13",2019,432.6999984,65.7999982,259.1000024,957.0999976,26.399999,90.1000004
"GLCA_H","H13",2020,487,26.399999,146.6000004,752.800001,24.0000004,111.4999981
"GLCA_H","H13",2021,473.6000023,24.0000004,245.399992,886.2999971,32.8999991,127.0999956
"GLCA_H","H13",2022,408.2000046,32.8999991,252.0999956,880.0999984,53.2000008,138.4999981
"GLCA_H","H13",2023,436.2999915,53.2000008,264.199995,877.9999818,20.9999998,62.4999995
"GLCA_H","H13",2024,435.0999985,20.9999998,182.3000026,757.1000016,NA,NA
"GLCA_H","H14",2008,425.9999924,NA,209.6000043,NA,33.9000006,96.7000017
"GLCA_H","H14",2009,452.2999955,33.9000006,192.3999986,806.0999995,41.7000003,121.9000035
"GLCA_H","H14",2010,460.8999977,41.7000003,229.000002,846.6000024,34.9000001,58.9000015
"GLCA_H","H14",2011,400.5,34.9000001,153.9000015,753.0000038,31.5000005,100.8999997
"GLCA_H","H14",2012,407.4000015,31.5000005,193.2000028,749.1000029,31.8000012,127.2000027
"GLCA_H","H14",2013,416.9000014,31.8000012,247.3999996,840.6000051,47.1000004,101.9999981
"GLCA_H","H14",2014,370.4999924,47.1000004,203.3999996,779.8999958,26.1000007,94.1999993
"GLCA_H","H14",2015,421.1000023,26.1000007,190.7999978,766.3999977,45.5,91.3000012
"GLCA_H","H14",2016,396.9000016,45.5,169.4999981,729.0000001,13.7000002,81.3999996
"GLCA_H","H14",2017,416.3000031,13.7000002,172.3000011,738.500012,34.1999993,84.499999
"GLCA_H","H14",2018,424.8999978,34.1999993,181.3000021,790.5000029,66.6000014,133.6999989
"GLCA_H","H14",2019,418.0000077,66.6000014,260.2999974,937.0000069,21.5999994,50.1999993
"GLCA_H","H14",2020,487.2000122,21.5999994,106.7999978,701.3000111,35.1999993,94.3999996
"GLCA_H","H14",2021,473.5,35.1999993,219.8999996,863.7999987,37.7999997,127.5999965
"GLCA_H","H14",2022,417,37.7999997,248.8999996,883.6999964,52.6999998,132.1000023
"GLCA_H","H14",2023,438.8000031,52.6999998,255.2000008,871.1000109,27.9000001,39.4999995
"GLCA_H","H14",2024,435.0999985,27.9000001,137.900001,717.7999983,NA,NA
"GLCA_H","H15",2008,420.8000107,NA,230.0000058,NA,32.3999995,95.9000027
"GLCA_H","H15",2009,451.0999984,32.3999995,194.5000012,810.6999946,35.8999996,119.5999965
"GLCA_H","H15",2010,464.0000077,35.8999996,225.7999934,845.7000021,30.6999993,74
"GLCA_H","H15",2011,388.2999934,30.6999993,179.5,774.2999915,30.7000003,105.4999981
"GLCA_H","H15",2012,402.300003,30.7000003,201.699995,746.799992,25.5,129.2999954
"GLCA_H","H15",2013,411.300003,25.5,253.0999985,836.8000031,45.0999989,102.9999985
"GLCA_H","H15",2014,362.4999963,45.0999989,208.099997,776.0999994,24.1,110.5999999
"GLCA_H","H15",2015,415.800003,24.1,211.1999984,784.4999976,43,101.2999982
"GLCA_H","H15",2016,395.800003,43,184.8999967,748.3999986,9.2,87.8000006
"GLCA_H","H15",2017,404.7999954,9.2,186.1000037,738.6000006,29.2,101.3000006
"GLCA_H","H15",2018,432.2000007,29.2,202.8999991,818.0000006,67.0999984,130.3000031
"GLCA_H","H15",2019,431.6999878,67.0999984,258.6000062,958,18.2000003,70.4999989
"GLCA_H","H15",2020,486.800003,18.2000003,131.0999974,722.4000085,27.3000004,93.7000027
"GLCA_H","H15",2021,473.8999939,27.3000004,225.0000058,866.6999955,35.4000006,125.8999996
"GLCA_H","H15",2022,413.5999985,35.4000006,249.8999996,881.9999972,51.6999998,135.5999985
"GLCA_H","H15",2023,439.4000014,51.6999998,260.699997,878.2999953,24.2999991,44.3
"GLCA_H","H15",2024,435.7000008,24.2999991,158.3999985,738.1999961,NA,NA
"GLCA_H","H16",2008,434.199997,NA,229.7000036,NA,34.6999995,101.9000006
"GLCA_H","H16",2009,462.4000015,34.6999995,201.9000006,833.5999987,40.6000004,124.6000004
"GLCA_H","H16",2010,473.3999977,40.6000004,235.1000004,872.6999931,33.7000007,66.3000004
"GLCA_H","H16",2011,407.1999969,33.7000007,171.9999973,785.2999989,33.5000005,110
"GLCA_H","H16",2012,414.9999924,33.5000005,207.3000031,774.2999912,28.4000001,130.7000017
"GLCA_H","H16",2013,426.7000007,28.4000001,255.7000017,859.7000017,47.1999998,101.8999987
"GLCA_H","H16",2014,375.4000016,47.1999998,209.3999987,797.1000004,24.0999992,106.1999974
"GLCA_H","H16",2015,429.7000046,24.0999992,211.0999989,800.6000028,46.7000008,96.8999997
"GLCA_H","H16",2016,409.5,46.7000008,179.8999997,762.500002,12.1999998,83.6000018
"GLCA_H","H16",2017,419.1999931,12.1999998,182.6000018,754.2999986,33.2999994,94.7999997
"GLCA_H","H16",2018,445.2000046,33.2999994,198.8999982,834.4999997,69.7999992,136.1000023
"GLCA_H","H16",2019,422.0000125,69.7999992,266.6000023,959.4000188,20.8999996,64.2999989
"GLCA_H","H16",2020,493.8000108,20.8999996,129.600002,735.8000172,31.8999999,96.6999998
"GLCA_H","H16",2021,485.5000078,31.8999999,228.6999998,891.3000107,39.1000004,129.2999993
"GLCA_H","H16",2022,427.4999999,39.1000004,255.7000008,907.4999952,54.3999996,138.2000007
"GLCA_H","H16",2023,448.10001,54.3999996,265.8999976,898.8000048,27.4000001,40.4000008
"GLCA_H","H16",2024,447.4999924,27.4000001,151.4000008,747.2999943,NA,NA
"GLCA_H","H17",2008,393.7000085,NA,224.6999997,NA,28.0000008,104.499997
"GLCA_H","H17",2009,430.2999878,28.0000008,198.5999955,789.2999925,30.7000008,125.5000019
"GLCA_H","H17",2010,448.1999892,30.7000008,224.1000004,824.4999859,27.5999992,87.9999977
"GLCA_H","H17",2011,378.1999988,27.5999992,191.6999946,762.4999937,30.3,98.9000001
"GLCA_H","H17",2012,377.1000023,30.3,186.8000016,711.8000004,13.2000001,128.1999998
"GLCA_H","H17",2013,386.0999946,13.2000001,248.1000013,795.1000037,36.5,114.9000001
"GLCA_H","H17",2014,354.0000038,36.5,217.8000016,755.7000107,24.1999995,125.0999956
"GLCA_H","H17",2015,396.4000053,24.1999995,221.2999925,779.3999981,38.1000004,114.9000015
"GLCA_H","H17",2016,365.2999973,38.1000004,183.2000046,731.6000013,3.1,92.6000023
"GLCA_H","H17",2017,387.9000054,3.1,180.2999992,704.7000042,22.2000008,110.2999993
"GLCA_H","H17",2018,412.3999977,22.2000008,214.1000024,802.8000025,62.1000014,127.5000009
"GLCA_H","H17",2019,405.2000017,62.1000014,253.300004,916.5000114,23.5,85.7000011
"GLCA_H","H17",2020,460.6999969,23.5,140.0000003,713.9999974,22.4999996,108.5000009
"GLCA_H","H17",2021,461.2999993,22.4999996,241.6999978,860.9999928,31.2000001,113.9999991
"GLCA_H","H17",2022,383.0999851,31.2000001,233.9999991,835.8999785,46.6999998,131.999998
"GLCA_H","H17",2023,413.7999954,46.6999998,252.3999995,834.0999935,17.6999998,58.0000013
"GLCA_H","H17",2024,419.5000077,17.6999998,170.5999998,720.9000106,NA,NA
"GLCA_P","P01",2008,407.2000123,NA,206.0999975,NA,34.4000001,94.4000005
"GLCA_P","P01",2009,426.199997,34.4000001,194.7000036,792.699996,41.1999998,129.2000017
"GLCA_P","P01",2010,446.5000039,41.1999998,239.1000032,839.6000061,35.4000011,51.3000006
"GLCA_P","P01",2011,398.8999938,35.4000011,144.1000037,739.4000053,32.5000005,97.7999982
"GLCA_P","P01",2012,409.9999923,32.5000005,187.8999967,742.4999909,31.1000004,119.2999982
"GLCA_P","P01",2013,416.300003,31.1000004,236.2999982,821.1000031,50.4000011,107.6000023
"GLCA_P","P01",2014,318.7000008,50.4000011,213.2000008,749.9999986,25.6000001,101.6999979
"GLCA_P","P01",2015,416.7000007,25.6000001,208.6999979,774.5000034,47.1000004,101.1000004
"GLCA_P","P01",2016,379.7000009,47.1000004,181.6999989,725.8000013,22.0000005,96.1000014
"GLCA_P","P01",2017,436.8999977,22.0000005,189.6999999,774.9999997,37.1000004,81.500001
"GLCA_P","P01",2018,420.8999939,37.1000004,177.000001,777.8999958,68,127.0000038
"GLCA_P","P01",2019,391.5999851,68,249.7000007,892.9999904,33.5999994,78.7000003
"GLCA_P","P01",2020,459.5000037,33.5999994,143.7000003,723.6000046,30.5999992,101.6999969
"GLCA_P","P01",2021,468.2999916,30.5999992,224.7999954,861.6999815,41.0999994,130.8000012
"GLCA_P","P01",2022,403.6999892,41.0999994,250.8999997,868.2999935,53.8999986,135.4000035
"GLCA_P","P01",2023,418.5,53.8999986,258.1000004,856.2999963,22.2000003,35.3999999
"GLCA_P","P01",2024,418.6999969,22.2000003,129.3999999,679.5999973,NA,NA
"GLCA_P","P02",2008,418,NA,243.9999962,NA,32.800001,115.0999999
"GLCA_P","P02",2009,433.4000016,32.800001,225.0000014,836.1000084,39.8000007,142.5999965
"GLCA_P","P02",2010,462.1999931,39.8000007,250.2999934,873.9999895,33.7000005,80.0999981
"GLCA_P","P02",2011,369.5999947,33.7000005,191.799995,773.3999946,35.0999994,112.1999998
"GLCA_P","P02",2012,396.4000015,35.0999994,211.7999983,756.9999981,19.4000002,134.9999981
"GLCA_P","P02",2013,429.0999946,19.4000002,261.199995,853.6999921,49.0999985,113.4999952
"GLCA_P","P02",2014,314.2999954,49.0999985,228.7999983,758.5999898,27.4000009,137.0999975
"GLCA_P","P02",2015,431.8999938,27.4000009,258.4000006,865.5999922,49.7000008,128.1999988
"GLCA_P","P02",2016,398.0999986,49.7000008,216.1999988,797.3999978,16.8000002,122.1000013
"GLCA_P","P02",2017,453.9000015,16.8000002,227.7999982,831.4000001,31.1000008,102.8000002
"GLCA_P","P02",2018,448.8000107,31.1000008,214.8000002,852.7000117,72.2000007,129.7999992
"GLCA_P","P02",2019,436.1000081,72.2000007,263.7999992,962.900013,36.0999999,106.7000022
"GLCA_P","P02",2020,481.2999839,36.0999999,179.3000007,798.5999861,29.2000008,126.6000023
"GLCA_P","P02",2021,505.199997,29.2000008,263.4000054,943.000007,53.1000014,143.9000015
"GLCA_P","P02",2022,419.199993,53.1000014,276.0000076,937.3000011,57.6000004,153.000002
"GLCA_P","P02",2023,427.9000016,57.6000004,286.3000051,898.3000109,25.3999997,64.7999994
"GLCA_P","P02",2024,456.2000047,25.3999997,190.3999979,787.7999991,NA,NA
"GLCA_P","P03",2008,426.5999947,NA,233.2999982,NA,36.2999997,107.6999964
"GLCA_P","P03",2009,443.2999954,36.2999997,217.4999995,843.0999922,42.4000006,139.7999992
"GLCA_P","P03",2010,469.8000145,42.4000006,257.6000023,894.200018,37.2000008,64.0000011
"GLCA_P","P03",2011,404.9000073,37.2000008,169.699998,788.4000089,34.5,113.8999996
"GLCA_P","P03",2012,425.5999984,34.5,213.8999996,790.1000022,31.8000002,134.0999995
"GLCA_P","P03",2013,441.4000016,31.8000002,259.699998,876.8000061,54.0000019,119.0000039
"GLCA_P","P03",2014,330.7999954,54.0000019,233.800007,792.3000032,28.1999995,122.5000039
"GLCA_P","P03",2015,440.6000062,28.1999995,241.7000008,848.9000011,52.5,112.0999965
"GLCA_P","P03",2016,407.3000031,52.5,201.999998,793.2000045,23,118.3000012
"GLCA_P","P03",2017,467.2000008,23,223.9999981,849.6999931,39.5999999,98.8999968
"GLCA_P","P03",2018,449.4000092,39.5999999,207.4999953,853.20001,73.5999985,139.4000016
"GLCA_P","P03",2019,423.0000038,73.5999985,272.2999955,957.4000036,38.2999992,97.2999973
"GLCA_P","P03",2020,488.0999984,38.2999992,171.9999942,801.6999862,32.8999996,119.6000004
"GLCA_P","P03",2021,503.3999863,32.8999996,254.4999943,935.3999863,52.6999998,150.1000023
"GLCA_P","P03",2022,431.8000031,52.6999998,280.9000054,951.3000146,59.4000006,155.5999985
"GLCA_P","P03",2023,443.9000015,59.4000006,288.4000016,921.9000036,29.1999993,55.2000008
"GLCA_P","P03",2024,458.7999878,29.1999993,171.0000039,778.3999973,NA,NA
"GLCA_P","P04",2008,404.7999954,NA,203.999999,NA,33.1999998,80.5000015
"GLCA_P","P04",2009,426.6000023,33.1999998,175.900003,770.900003,40.3000007,120.7000027
"GLCA_P","P04",2010,449.7000046,40.3000007,230.3000012,834.7000057,36.2000008,60.0000019
"GLCA_P","P04",2011,404.2000027,36.2000008,153.300005,755.9000102,28.3000002,88.0000019
"GLCA_P","P04",2012,397.7999992,28.3000002,173.800005,712.2000046,31.9999995,121.0000039
"GLCA_P","P04",2013,405.4000053,31.9999995,236.1000024,811.6000071,49.1999993,110.0999975
"GLCA_P","P04",2014,338.8999978,49.1999993,213.7999944,759.3999972,29.2999997,105.1999989
"GLCA_P","P04",2015,416.5000039,29.2999997,210.000002,786.9000065,48.8999996,107.4000016
"GLCA_P","P04",2016,386.2999954,48.8999996,187.0999985,738.3999957,14.0999999,85.7999974
"GLCA_P","P04",2017,420.0999985,14.0999999,178.1999989,743.6000005,32.6999996,70.0999992
"GLCA_P","P04",2018,424.5000115,32.6999996,163.0999992,764.9000127,66.7000027,131.7000027
"GLCA_P","P04",2019,402.7999877,66.7000027,256.0000058,909.4999885,31.7000003,72.1999981
"GLCA_P","P04",2020,462.199997,31.7000003,135.3999989,720.0999902,33.0999999,100.4000015
"GLCA_P","P04",2021,476.1999969,33.0999999,222,865.1999998,43.4000006,125.5
"GLCA_P","P04",2022,406.6999969,43.4000006,244.5,870.5000038,49.6999988,133.8000002
"GLCA_P","P04",2023,419.6999969,49.6999988,255.8000002,850.6999979,24.2999999,33.3000009
"GLCA_P","P04",2024,424.2000084,24.2999999,124.8999994,683.90001,NA,NA
"GLCA_P","P05",2008,407.1000062,NA,204.7000017,NA,34.5,95.2000003
"GLCA_P","P05",2009,426.4000092,34.5,194.3999972,792.1000033,41.4999995,128.7999954
"GLCA_P","P05",2010,445.8999977,41.4999995,238.6999969,838.7999934,35.5000005,54.299999
"GLCA_P","P05",2011,399.9999981,35.5000005,145.9999959,739.7999986,33,98.0000009
"GLCA_P","P05",2012,410.2999955,33,187.300004,743.1000004,31.6999998,119.800005
"GLCA_P","P05",2013,416.8000031,31.6999998,235.5000019,821.2999974,50.6000004,108.3999977
"GLCA_P","P05",2014,321.0999945,50.6000004,212.9999962,751.2999839,25.9000006,100.9999981
"GLCA_P","P05",2015,417.199997,25.9000006,206.699995,772.2999925,47.2000008,103.0999985
"GLCA_P","P05",2016,378.8999977,47.2000008,182.7999954,725.9999943,22.8999996,97.0999975
"GLCA_P","P05",2017,437.1999969,22.8999996,189.9000006,775.9999919,38.4000001,82.9999991
"GLCA_P","P05",2018,420.4999923,38.4000001,177.3000022,778.0999962,68,127.6999989
"GLCA_P","P05",2019,392.6999855,68,249.8999958,892.9999809,33.8999996,79.6000009
"GLCA_P","P05",2020,458.6000023,33.8999996,143.900004,723.0000044,31.0999994,102.6999998
"GLCA_P","P05",2021,468.5000038,31.0999994,224.8999967,861.6999982,41.1999998,131.3000031
"GLCA_P","P05",2022,404.0999832,41.1999998,250.9000016,868.4999867,54.0999994,135.0000019
"GLCA_P","P05",2023,418.7000085,54.0999994,257.5000019,855.9000044,22.7,38.3999991
"GLCA_P","P05",2024,419.0999984,22.7,130.4999976,680.499992,NA,NA
"GLCA_P","P06",2008,408.1000061,NA,205.4999971,NA,33.4000006,81.7999978
"GLCA_P","P06",2009,430.1999931,33.4000006,177.9999947,777.9999909,40.3000007,122.1000013
"GLCA_P","P06",2010,452.2000084,40.3000007,232.1999998,839.7000103,36.6000004,61.0000012
"GLCA_P","P06",2011,408.5000039,36.6000004,154.5000012,762.3000053,28.7999992,89.1999989
"GLCA_P","P06",2012,400.800003,28.7999992,175.500002,718.400013,32.7000003,122.4000035
"GLCA_P","P06",2013,409.1000023,32.7000003,238.4000035,818.9000084,49.5,110.8999987
"GLCA_P","P06",2014,342.1000099,49.5,215.3000002,765.3000136,29.6000001,105.9000015
"GLCA_P","P06",2015,419.4000053,29.6000001,211.0999984,791.7999977,49.3000002,109.2000007
"GLCA_P","P06",2016,389.3000108,49.3000002,189.3999976,745.100009,14.5,86.8999987
"GLCA_P","P06",2017,423.6999969,14.5,180.4999972,750.5999942,33.3000002,71.3000002
"GLCA_P","P06",2018,428.0999984,33.3000002,165.1000033,771.9999971,66.9000015,132.8999996
"GLCA_P","P06",2019,405.7999897,66.9000015,257.9999981,915.4999924,32.0000005,73.4999989
"GLCA_P","P06",2020,464.8999977,32.0000005,137.1999997,725.1999916,33.5000005,101.8999996
"GLCA_P","P06",2021,479.6999893,33.5000005,224.0999965,871.6999917,43.6999998,126.6000004
"GLCA_P","P06",2022,411,43.6999998,246.1000004,878.2000065,50.2999992,134.3999996
"GLCA_P","P06",2023,422.9000016,50.2999992,256.9999981,857.1999932,24.7999994,34.2999994
"GLCA_P","P06",2024,427.2000007,24.7999994,126.3999979,688.9999975,NA,NA
"GLCA_P","P07",2008,423.9000092,NA,223.7999974,NA,38.3000002,103.8999987
"GLCA_P","P07",2009,442.1999894,38.3000002,211.8999987,834.5999943,42.6999998,137.6000004
"GLCA_P","P07",2010,461.9000092,42.6999998,253.1999989,876.3000079,37.7000008,61.700001
"GLCA_P","P07",2011,410.000002,37.7000008,163.700001,781.1000065,32.6000004,106.5999994
"GLCA_P","P07",2012,422.3999938,32.6000004,204.5000009,773.3999881,33.4000006,131.0999985
"GLCA_P","P07",2013,429.7999953,33.4000006,255,859.4999961,52.7000003,114.6000004
"GLCA_P","P07",2014,337.7000007,52.7000003,226.5000019,787.1000056,28.0999999,120.2000027
"GLCA_P","P07",2015,433.4000053,28.0999999,234.8999996,826.4000062,49.1000004,108.8000012
"GLCA_P","P07",2016,394.9000054,49.1000004,195.6000043,757.5000116,17.1000004,96.4999986
"GLCA_P","P07",2017,445.6000022,17.1000004,199.9000001,797.3000102,37.6999998,89.6999989
"GLCA_P","P07",2018,432.699997,37.6999998,193.000002,811.5999976,71.2000008,131.7999992
"GLCA_P","P07",2019,400.2999992,71.2000008,259.4999961,921.0999965,33.4000006,84.2999997
"GLCA_P","P07",2020,473.0000115,33.4000006,153.8999982,749.6000134,31.7000008,107.2999992
"GLCA_P","P07",2021,479.2000085,31.7000008,236.9999961,889.1000099,43.6999988,137.6999989
"GLCA_P","P07",2022,411.9999961,43.6999988,260.6000004,891.4999971,58.5,144.9999952
"GLCA_P","P07",2023,429.3000031,58.5,271.5999937,886.3999987,23.5000002,39.8999984
"GLCA_P","P07",2024,429.0999946,23.5000002,144.2999999,712.1999988,NA,NA
"GLCA_P","P08",2008,408.8999939,NA,204.1000041,NA,33.2999997,70.6999993
"GLCA_P","P08",2009,429.2999992,33.2999997,166.5000024,767.9999928,38.1000009,115.7000018
"GLCA_P","P08",2010,453.3000031,38.1000009,223.8999987,829.9000036,35.6000004,49.9000006
"GLCA_P","P08",2011,406.9000054,35.6000004,143.5999975,753.099998,27.0000005,82.8999977
"GLCA_P","P08",2012,402.1000061,27.0000005,168.0999946,709.4000077,30.8,118.0000029
"GLCA_P","P08",2013,408.8000108,30.8,234.1999998,813.000003,48.8000002,108.4000015
"GLCA_P","P08",2014,341.1000023,48.8000002,212.5,763.100009,27.9,102.4999981
"GLCA_P","P08",2015,420.2999992,27.9,208.8999996,791.199995,48.9000006,104
"GLCA_P","P08",2016,394.9999961,48.9000006,181.5999985,745.199995,13.8000005,79.9000006
"GLCA_P","P08",2017,422.7999992,13.8000005,172.7000037,744.2999972,31.3000005,65.1000004
"GLCA_P","P08",2018,432.9000092,31.3000005,160.2999973,774.6000107,67.500001,132.9999981
"GLCA_P","P08",2019,406.8999977,67.500001,259.8000012,922.5000049,31.1999993,61.0999994
"GLCA_P","P08",2020,467.4000015,31.1999993,122.0999994,709.1999949,30.9000001,93.9999981
"GLCA_P","P08",2021,482.2000046,30.9000001,216.699995,866.0000028,42.2000003,121.4000035
"GLCA_P","P08",2022,413.9999961,42.2000003,241.1000004,876.4999991,49.8000002,131.7999973
"GLCA_P","P08",2023,426.300003,49.8000002,255.1999988,861.5999964,23.0000003,30.6999995
"GLCA_P","P08",2024,428.2000085,23.0000003,125.600001,690.4000107,NA,NA
"GLCA_P","P09",2008,416.1000062,NA,209.4000006,NA,35.5,103.3000002
"GLCA_P","P09",2009,436,35.5,207.2000017,821.3000002,42.8999991,135.7000047
"GLCA_P","P09",2010,457.5999908,42.8999991,248.4000016,866.2999916,37,60.8999987
"GLCA_P","P09",2011,407.2999992,37,156.2000018,762.3000051,34.3999996,106.3999996
"GLCA_P","P09",2012,425.1000022,34.3999996,200.3000011,775.1000088,35.0999999,126.3000011
"GLCA_P","P09",2013,436.0000001,35.0999999,246.1000042,855.6000033,54.5999994,112.9999981
"GLCA_P","P09",2014,331.5999985,54.5999994,220.9999981,776.1999931,29.2999997,106.999999
"GLCA_P","P09",2015,431.1000099,29.2999997,216.0999975,802.6000109,49.499999,108.0999984
"GLCA_P","P09",2016,391.89999,49.499999,190.9000015,750.6999872,22.6999998,100.8999996
"GLCA_P","P09",2017,451.5999871,22.6999998,197.3000011,800.1999835,40.3000002,94.4999981
"GLCA_P","P09",2018,432.5999984,40.3000002,192.3999996,813.2999973,70.1999989,131.3000011
"GLCA_P","P09",2019,410.5999946,70.1999989,256.3999996,920.5999985,35.9999995,88.3000006
"GLCA_P","P09",2020,469.3999939,35.9999995,154.8000006,752.4999875,33.2000008,109.0999994
"GLCA_P","P09",2021,477.2999954,33.2000008,234.5000009,884.8999924,43.0999994,139.3999978
"GLCA_P","P09",2022,417.2000046,43.0999994,262.5999947,899.0000019,57.8000002,142.5000029
"GLCA_P","P09",2023,430.5000038,57.8000002,268.6000014,885.1000014,24.3999994,43.6000009
"GLCA_P","P09",2024,431.8000031,24.3999994,140.6000009,707.6000074,NA,NA
"GLCA_P","P10",2008,421.9999885,NA,214.9999982,NA,36.1999993,105.0999956
"GLCA_P","P10",2009,442.9999999,36.1999993,211.9999971,835.9999879,42.7999987,138.2000008
"GLCA_P","P10",2010,465.3000107,42.7999987,252.7000008,880.9000149,37.6000004,59.6999984
"GLCA_P","P10",2011,412.4999885,37.6000004,158.1999984,775.3999924,35.2000008,108.7999973
"GLCA_P","P10",2012,431.7000122,35.2000008,204.9999942,788.1000128,34.5999994,128.5000019
"GLCA_P","P10",2013,442.4999924,34.5999994,250.800005,869.0999966,54.8000007,114.6000003
"GLCA_P","P10",2014,335.699997,54.8000007,225.2999972,788.499989,29.0999992,110.4000034
"GLCA_P","P10",2015,437.7999992,29.0999992,222.9000034,818.999998,50.1000004,108.7999992
"GLCA_P","P10",2016,398.2999955,50.1000004,193.7000007,763,22.1999993,103.4999991
"GLCA_P","P10",2017,458.1000062,22.1999993,202.699996,813.899994,40.0999999,95.3000021
"GLCA_P","P10",2018,438.9000015,40.0999999,196.499999,827.0999941,71.6000003,132.4000015
"GLCA_P","P10",2019,416.6999988,71.6000003,260.2000046,934.8999976,36.3000007,90.1999998
"GLCA_P","P10",2020,476.9000016,36.3000007,158.5000029,766.8000132,32.4999992,109.8999987
"GLCA_P","P10",2021,484.5000152,32.4999992,238.5999956,898.600007,44.2000008,141.3999958
"GLCA_P","P10",2022,423.0000077,44.2000008,266.6999989,912.4000026,58.5999984,145.2000008
"GLCA_P","P10",2023,437.0999985,58.5999984,273.3999977,898.9999981,24.6000002,43.1999998
"GLCA_P","P10",2024,439.0000115,24.6000002,144.1000013,721.5000151,NA,NA
"GLCA_P","P11",2008,408.699997,NA,209.7999935,NA,34.8000002,99.9000016
"GLCA_P","P11",2009,430.10001,34.8000002,204.8000031,811.1000048,41.4000006,134.2000008
"GLCA_P","P11",2010,454.300007,41.4000006,245.2999993,857.4000084,36.0999994,56.4000012
"GLCA_P","P11",2011,398.1000061,36.0999994,155.9999997,757.5000121,32.6999998,105.0999966
"GLCA_P","P11",2012,418.5999985,32.6999998,199.8999997,763.8000041,31.8000002,124.2000018
"GLCA_P","P11",2013,429.39999,31.8000002,245.3000003,844.2999946,53.3000002,108
"GLCA_P","P11",2014,321.2999991,53.3000002,217.0999985,760.8999947,26.199999,107.6000033
"GLCA_P","P11",2015,424.7999953,26.199999,218.9000064,797.100006,48.5,102.3999997
"GLCA_P","P11",2016,388.0999984,48.5,185.8000012,738.9999961,19.2000003,99.0000019
"GLCA_P","P11",2017,445.3999938,19.2000003,196.5000019,791.1000022,36.8000002,88.4999981
"GLCA_P","P11",2018,427.5999908,36.8000002,188.8999996,801.4999856,69.6000004,127.0000039
"GLCA_P","P11",2019,402.5999946,69.6000004,252.1000024,908.599989,34.2000003,84.999999
"GLCA_P","P11",2020,465.5999984,34.2000003,151.499999,744.2000031,30.5000002,104.2999992
"GLCA_P","P11",2021,472.699997,30.5000002,231.6000023,874.9000026,42.4000001,136.3999976
"GLCA_P","P11",2022,409.7999954,42.4000001,258.7999991,886.7999963,56.5999984,141.3000012
"GLCA_P","P11",2023,422.8999976,56.5999984,266.8999997,873,22.8999999,37.8999996
"GLCA_P","P11",2024,426.5999985,22.8999999,139.4999981,700.9999989,NA,NA
"GLCA_P","P12",2008,422.8999976,NA,229.300002,NA,37.6999998,102.9000006
"GLCA_P","P12",2009,441.4999923,37.6999998,212.4999991,834.499989,42.1999998,137.8000031
"GLCA_P","P12",2010,462.5,42.1999998,253.2000046,877.4000092,36.9000006,62.7999983
"GLCA_P","P12",2011,407.8999977,36.9000006,167.9999952,786.2999945,32.6000004,107.9000006
"GLCA_P","P12",2012,420.9999885,32.6000004,206.9000006,773.1999912,31.9000006,131.1999988
"GLCA_P","P12",2013,429.0000039,31.9000006,256.0000019,858.6000005,52.3000002,113.6999969
"GLCA_P","P12",2014,334.7000085,52.3000002,226.6999969,783.5000029,27.5999994,123.2000017
"GLCA_P","P12",2015,432.9000015,27.5999994,239.2000017,831.300005,48.7000008,107.2999992
"GLCA_P","P12",2016,395.1000061,48.7000008,194.7999992,756.6000061,15.5,96.6999994
"GLCA_P","P12",2017,444.9000168,15.5,201.2999979,797.300007,36.2000006,88.3000016
"GLCA_P","P12",2018,433.3999862,36.2000006,193.7000031,812.3999931,71.2000008,130.6999988
"GLCA_P","P12",2019,398.6999931,71.2000008,259.0000019,920.4999962,32.6000009,84.2000032
"GLCA_P","P12",2020,473.9000053,32.6000009,154.8000017,750.7000095,30.2999999,106.4999961
"GLCA_P","P12",2021,479.5000038,30.2999999,238.39999,890.1999999,43.4000006,137
"GLCA_P","P12",2022,411.0999908,43.4000006,260.5,890.8999862,58.1000004,145.4999952
"GLCA_P","P12",2023,428.5,58.1000004,272.5999937,886.399991,22.8,39.4000009
"GLCA_P","P12",2024,429,22.8,147.700004,716.0000041,NA,NA
